{"cameraMode":{"drawMode":0,"name":"Shaded","section":"Shading Mode"},"sceneLighting":true,"audioPlay":false,"sceneViewState":{"m_AlwaysRefresh":true,"showFog":true,"showSkybox":true,"showFlares":true,"showImageEffects":true,"showParticleSystems":true,"showVisualEffectGraphs":true,"m_FxEnabled":true},"in2DMode":false,"pivot":{"x":51.91450500488281,"y":68.96548461914063,"z":209.22940063476563},"rotation":{"x":0.06732653826475144,"y":-0.3404276669025421,"z":-0.024450786411762239,"w":-0.9375455379486084},"size":143.11981201171876,"orthographic":false}